"Daily Date","Share Code","Year High (GH¢)","Year Low (GH¢)","Previous Closing Price - VWAP (GH¢)","Opening Price (GH¢)","Last Transaction Price (GH¢)","Closing Price - VWAP (GH¢)","Price Change (GH¢)","Closing Bid Price (GH¢)","Closing Offer Price (GH¢)","Total Shares Traded","Total Value Traded (GH¢)"
"17/12/2025","ALLGH","6.12","6.12","6.12","6.12","6.12","6.12","0.00","0.00","6.12","170.00","1,040.40"
"16/12/2025","ALLGH","6.12","6.12","6.12","6.12","6.12","6.12","0.00","0.00","6.12","444.00","2,717.28"
"15/12/2025","ALLGH","6.12","6.12","6.12","6.12","6.12","6.12","0.00","0.00","6.12","68.00","416.16"
"12/12/2025","ALLGH","6.12","6.12","6.12","6.12","6.12","6.12","0.00","0.00","6.12","4,547.00","27,827.64"
"11/12/2025","ALLGH","6.12","6.12","6.12","6.12","6.12","6.12","0.00","0.00","6.12","594.00","3,635.28"
"10/12/2025","ALLGH","6.12","6.12","6.12","6.12","6.12","6.12","0.00","0.00","6.12","996.00","6,095.52"
"09/12/2025","ALLGH","6.12","6.12","6.12","6.12","6.12","6.12","0.00","0.00","6.12","356.00","2,178.72"
"08/12/2025","ALLGH","6.12","6.12","6.12","6.12","6.12","6.12","0.00","0.00","6.12","4,611.00","28,219.32"
"04/12/2025","ALLGH","6.12","6.12","6.12","6.12","6.12","6.12","0.00","0.00","6.12","272.00","1,664.64"
"03/12/2025","ALLGH","6.12","6.12","6.12","6.12","6.12","6.12","0.00","0.00","6.12","148.00","905.76"
"02/12/2025","ALLGH","6.12","6.12","6.12","6.12","6.12","6.12","0.00","0.00","6.12","65.00","397.80"
"01/12/2025","ALLGH","6.12","6.12","6.12","6.12","6.12","6.12","0.00","0.00","6.12","84.00","514.08"
"28/11/2025","ALLGH","6.12","6.12","6.12","6.12","6.12","6.12","0.00","0.00","6.12","113.00","691.56"
"27/11/2025","ALLGH","6.12","6.12","6.12","6.12","6.12","6.12","0.00","0.00","6.12","271.00","1,658.52"
"26/11/2025","ALLGH","6.12","6.12","6.12","6.12","6.12","6.12","0.00","0.00","6.12","136.00","832.32"
"25/11/2025","ALLGH","6.12","6.12","6.12","6.12","6.12","6.12","0.00","0.00","6.12","403.00","2,466.36"
"24/11/2025","ALLGH","6.12","6.12","6.12","6.12","6.12","6.12","0.00","0.00","6.12","149.00","911.88"
"21/11/2025","ALLGH","6.12","6.12","6.12","6.12","6.12","6.12","0.00","0.00","6.12","1,922.00","11,762.64"
"20/11/2025","ALLGH","6.12","6.12","6.12","6.12","6.12","6.12","0.00","0.00","6.12","934.00","5,716.08"
"19/11/2025","ALLGH","6.12","6.12","6.12","6.12","6.12","6.12","0.00","0.00","6.12","2,802.00","17,148.24"
"18/11/2025","ALLGH","6.12","6.12","6.12","6.12","6.12","6.12","0.00","0.00","6.12","1,209.00","7,399.08"
"17/11/2025","ALLGH","6.12","6.12","6.12","6.12","6.12","6.12","0.00","0.00","6.12","4,456.00","27,270.72"
"14/11/2025","ALLGH","6.12","6.12","6.12","6.12","6.12","6.12","0.00","0.00","6.12","100.00","612.00"
"13/11/2025","ALLGH","6.12","6.12","6.12","6.12","6.12","6.12","0.00","0.00","6.12","489.00","2,992.68"
"12/11/2025","ALLGH","6.12","6.12","6.12","6.12","6.12","6.12","0.00","0.00","6.12","1,565.00","9,577.80"
"11/11/2025","ALLGH","6.12","6.12","6.12","6.12","6.12","6.12","0.00","0.00","6.12","423.00","2,588.76"
"10/11/2025","ALLGH","6.12","6.12","6.12","6.12","6.12","6.12","0.00","0.00","6.12","303.00","1,854.36"
"07/11/2025","ALLGH","6.12","6.12","6.12","6.12","6.12","6.12","0.00","0.00","6.12","68.00","416.16"
"06/11/2025","ALLGH","6.12","6.12","6.12","6.12","6.12","6.12","0.00","0.00","6.12","82.00","501.84"
"05/11/2025","ALLGH","6.12","6.12","6.12","6.12","6.12","6.12","0.00","0.00","6.12","161.00","983.91"
"04/11/2025","ALLGH","6.12","6.12","6.12","6.12","6.12","6.12","0.00","0.00","6.12","103.00","629.33"
"03/11/2025","ALLGH","6.12","6.12","6.12","6.12","6.12","6.12","0.00","0.00","6.12","64.00","391.68"
"31/10/2025","ALLGH","6.12","6.12","6.12","6.12","6.12","6.12","0.00","0.00","6.11","12.00","73.32"
"30/10/2025","ALLGH","6.12","6.12","6.12","6.12","6.12","6.12","0.00","0.00","6.12","20.00","122.40"
"29/10/2025","ALLGH","6.12","6.12","6.12","6.12","6.12","6.12","0.00","0.00","6.12","12.00","73.44"
"28/10/2025","ALLGH","6.12","6.12","6.12","6.12","6.12","6.12","0.00","0.00","6.12","114.00","697.68"
"27/10/2025","ALLGH","6.12","6.12","6.12","6.12","6.12","6.12","0.00","0.00","6.12","164.00","1,003.68"
"24/10/2025","ALLGH","6.12","6.12","6.12","6.12","6.12","6.12","0.00","0.00","6.12","63.00","385.56"
"23/10/2025","ALLGH","6.12","6.12","6.12","6.12","6.12","6.12","0.00","0.00","6.12","324.00","1,982.88"
"22/10/2025","ALLGH","6.12","6.12","6.12","6.12","6.12","6.12","0.00","0.00","6.12","0.00","0.00"
"21/10/2025","ALLGH","6.12","6.12","6.12","6.12","6.12","6.12","0.00","0.00","6.12","250.00","1,530.00"
"20/10/2025","ALLGH","6.12","6.12","6.12","6.12","6.12","6.12","0.00","0.00","6.12","256.00","1,566.72"
"17/10/2025","ALLGH","6.12","6.12","6.12","6.12","6.12","6.12","0.00","0.00","6.12","910.00","5,569.20"
"16/10/2025","ALLGH","6.12","6.12","6.12","6.12","6.12","6.12","0.00","0.00","6.12","277.00","1,695.24"
"15/10/2025","ALLGH","6.12","6.12","6.12","6.12","6.12","6.12","0.00","0.00","6.12","2,022.00","12,374.64"
"14/10/2025","ALLGH","6.12","6.12","6.12","6.12","6.12","6.12","0.00","0.00","6.12","23.00","140.76"
"13/10/2025","ALLGH","6.12","6.12","6.12","6.12","6.12","6.12","0.00","0.00","6.12","36.00","220.32"
"10/10/2025","ALLGH","6.12","6.12","6.12","6.12","6.12","6.12","0.00","0.00","6.12","27.00","165.24"
"09/10/2025","ALLGH","6.12","6.12","6.12","6.12","6.12","6.12","0.00","0.00","6.12","57.00","348.84"
"08/10/2025","ALLGH","6.12","6.12","6.12","6.12","6.12","6.12","0.00","0.00","6.12","1,682.00","10,293.84"
"07/10/2025","ALLGH","6.12","6.12","6.12","6.12","6.12","6.12","0.00","0.00","6.12","37.00","226.44"
"06/10/2025","ALLGH","6.12","6.12","6.12","6.12","6.12","6.12","0.00","0.00","6.12","109.00","667.08"
"03/10/2025","ALLGH","6.12","6.12","6.12","6.12","6.12","6.12","0.00","0.00","6.12","22.00","134.64"
"02/10/2025","ALLGH","6.12","6.12","6.12","6.12","6.12","6.12","0.00","0.00","6.12","61.00","373.32"
"01/10/2025","ALLGH","6.12","6.12","6.12","6.12","6.12","6.12","0.00","0.00","6.12","64.00","391.68"
"30/09/2025","ALLGH","6.12","6.12","6.12","6.12","6.12","6.12","0.00","0.00","6.12","975.00","5,967.00"
"30/09/2025","ALLGH","693.15","4,242.06","0.00","","0.00","","","","","",""
"29/09/2025","ALLGH","6.12","6.12","6.12","6.12","6.12","6.12","0.00","0.00","6.12","6.00","36.72"
"26/09/2025","ALLGH","6.12","6.12","6.12","6.12","6.12","6.12","0.00","0.00","6.12","29.00","177.48"
"25/09/2025","ALLGH","6.12","6.12","6.12","6.12","6.12","6.12","0.00","0.00","6.12","127.00","777.24"
"24/09/2025","ALLGH","6.12","6.12","6.12","6.12","6.12","6.12","6.12","6.12","6.12","6.12","6.12"
"23/09/2025","ALLGH","6.12","6.12","6.12","6.12","6.12","6.12","0.00","0.00","6.12","51.00","312.12"
"19/09/2025","ALLGH","6.12","6.12","6.12","6.12","6.12","6.12","0.00","0.00","6.12","4.00","24.48"
"18/09/2025","ALLGH","6.12","6.12","6.12","6.12","6.12","6.12","0.00","0.00","6.12","2.00","12.24"
"17/09/2025","ALLGH","6.12","6.12","6.12","6.12","6.12","6.12","0.00","0.00","6.12","11.00","67.32"
"16/09/2025","ALLGH","6.12","6.12","6.12","6.12","6.12","6.12","0.00","0.00","6.12","1.00","6.12"
"15/09/2025","ALLGH","6.12","6.12","6.12","6.12","6.12","6.12","0.00","0.00","6.12","6.00","36.72"
"12/09/2025","ALLGH","6.12","6.12","6.12","6.12","6.12","6.12","0.00","0.00","6.12","0.00","0.00"
"12/09/2025","ALLGH","6.12","6.12","6.12","6.12","6.12","6.12","0.00","0.00","6.12","420.00","2,570.40"
"10/09/2025","ALLGH","6.12","6.12","6.12","6.12","6.12","6.12","0.00","0.00","6.12","1.00","6.12"
"09/09/2025","ALLGH","6.12","6.12","6.12","6.12","6.12","6.12","0.00","0.00","6.12","0.00","0.00"
"08/09/2025","ALLGH","6.12","6.12","6.12","6.12","6.12","6.12","0.00","0.00","6.12","2.00","12.24"
"05/09/2025","ALLGH","6.12","6.12","6.12","6.12","6.12","6.12","0.00","0.00","6.12","26.00","159.12"
"04/09/2025","ALLGH","6.12","6.12","6.12","6.12","6.12","6.12","0.00","0.00","6.12","193.00","1,181.16"
"03/09/2025","ALLGH","6.12","6.12","6.12","6.12","6.12","6.12","0.00","0.00","6.12","344.00","2,105.28"
"02/09/2025","ALLGH","6.12","6.12","6.12","6.12","6.12","6.12","0.00","0.00","6.12","0.00","0.00"
"01/09/2025","ALLGH","6.12","6.12","6.12","6.12","6.12","6.12","0.00","0.00","6.12","161.00","985.32"
"29/08/2025","ALLGH","6.12","6.12","6.12","6.12","6.12","6.12","0.00","0.00","6.12","4.00","24.48"
"28/08/2025","ALLGH","6.12","6.12","6.12","6.12","6.12","6.12","0.00","0.00","6.12","51.00","312.12"
"27/08/2025","ALLGH","6.12","6.12","6.12","6.12","6.12","6.12","0.00","0.00","6.12","521.00","3,188.52"
"26/08/2025","ALLGH","6.12","6.12","6.12","6.12","6.12","6.12","0.00","0.00","6.12","618.00","3,782.16"
"25/08/2025","ALLGH","6.12","6.12","6.12","6.12","6.12","6.12","0.00","0.00","6.12","41.00","250.92"
"22/08/2025","ALLGH","6.12","6.12","6.12","6.12","6.12","6.12","0.0500","0.00","6.12","379.00","2,319.48"
"21/08/2025","ALLGH","6.12","6.12","6.12","6.12","6.12","6.12","0.00","0.00","6.12","58.00","354.96"
"20/08/2025","ALLGH","6.12","6.12","6.12","6.12","6.12","6.12","0.00","0.00","6.12","122.00","746.64"
"19/08/2025","ALLGH","6.12","6.12","6.12","6.12","6.12","6.12","0.00","0.00","6.12","117.00","716.04"
"18/08/2025","ALLGH","6.12","6.12","6.12","6.12","6.12","6.12","0.00","0.00","6.12","365.00","2,233.80"
"15/08/2025","ALLGH","6.12","6.12","6.12","6.12","6.12","6.12","0.00","0.00","6.12","114.00","697.68"
"14/08/2025","ALLGH","6.12","6.12","6.12","6.12","6.12","6.12","0.00","0.00","6.12","0.00","0.00"
"13/08/2025","ALLGH","6.12","6.12","6.12","6.12","6.12","6.12","0.00","0.00","6.12","1,025.00","6,273.00"
"12/08/2025","ALLGH","6.12","6.12","6.12","6.12","6.12","6.12","0.00","0.00","6.12","40.00","244.80"
"11/08/2025","ALLGH","6.12","6.12","6.12","6.12","6.12","6.12","0.00","0.00","6.12","846.00","5,177.52"
"08/08/2025","ALLGH","6.12","6.12","6.12","6.12","6.12","6.12","0.00","0.00","0.00","117.00","716.04"
"07/08/2025","ALLGH","6.12","6.12","6.12","6.12","6.12","6.12","0.00","0.00","0.00","1,023.00","6,260.76"
"06/08/2025","ALLGH","6.12","6.12","6.12","6.12","6.12","6.12","0.00","0.00","6.12","65.00","397.80"
"05/08/2025","ALLGH","6.12","6.12","6.12","6.12","6.12","6.12","0.00","0.00","6.12","141.00","862.92"
"04/08/2025","ALLGH","6.12","6.12","6.12","6.12","6.12","6.12","0.00","0.00","6.12","640.00","3,916.80"
"01/08/2025","ALLGH","6.12","6.12","6.12","6.12","6.12","6.12","0.00","0.00","6.12","250.00","1,530.00"
"31/07/2025","ALLGH","6.12","6.12","6.12","6.12","6.12","6.12","0.00","0.00","6.12","0.00","0.00"
"30/07/2025","ALLGH","6.12","6.12","6.12","6.12","6.12","6.12","0.00","0.00","6.12","16.00","97.92"
"29/07/2025","ALLGH","6.12","6.12","6.12","6.12","6.12","6.12","0.00","0.00","6.12","468.00","2,864.16"
"28/07/2025","ALLGH","6.12","6.12","6.12","6.12","6.12","6.12","0.00","0.00","6.12","1,106.00","6,768.72"
"25/07/2025","ALLGH","6.12","6.12","6.12","6.12","6.12","6.12","0.00","0.00","6.12","1,156.00","7,074.72"
"24/07/2025","ALLGH","6.12","6.12","6.12","6.12","6.12","6.12","0.00","0.00","6.12","1,171.00","7,166.52"
"23/07/2025","ALLGH","6.12","6.12","6.12","6.12","6.12","6.12","0.00","0.00","6.12","172.00","1,052.64"
"22/07/2025","ALLGH","6.12","6.12","6.12","6.12","6.12","6.12","0.00","0.00","6.12","244.00","1,493.28"
"21/07/2025","ALLGH","6.12","6.12","6.12","6.12","6.12","6.12","0.00","0.00","6.12","138.00","844.56"
"18/07/2025","ALLGH","6.12","6.12","6.12","6.12","6.12","6.12","0.00","0.00","6.12","340.00","2,080.80"
"18/07/2025","ALLGH","693.15","4,242.06","0.00","","0.00","","","","","",""
"17/07/2025","ALLGH","6.12","6.12","6.12","6.12","6.12","6.12","0.00","0.00","6.12","181.00","1,107.72"
"16/07/2025","ALLGH","6.12","6.12","6.12","6.12","6.12","6.12","0.00","0.00","6.12","78.00","477.36"
"15/07/2025","ALLGH","6.12","6.12","6.12","6.12","6.12","6.12","0.00","0.00","6.12","138.00","844.56"
"14/07/2025","ALLGH","6.12","6.12","6.12","6.12","6.12","6.12","0.00","0.00","6.12","365.00","2,233.80"
"11/07/2025","ALLGH","6.12","6.12","6.12","6.12","6.12","6.12","0.00","0.00","6.12","1,228.00","7,515.36"
"10/07/2025","ALLGH","6.12","6.12","6.12","6.12","6.12","6.12","0.00","0.00","6.12","0.00","0.00"
"09/07/2025","ALLGH","6.12","6.12","6.12","6.12","6.12","6.12","0.00","0.00","6.12","219.00","1,340.28"
"08/07/2025","ALLGH","6.12","6.12","6.12","6.12","6.12","6.12","0.00","0.00","6.12","176.00","1,077.12"
"07/07/2025","ALLGH","6.12","6.12","6.12","6.12","6.12","6.12","0.00","0.00","6.12","508.00","3,108.96"
"03/07/2025","ALLGH","6.12","6.12","6.12","6.12","6.12","6.12","0.00","0.00","6.12","1,645.00","10,067.40"
"02/07/2025","ALLGH","6.12","6.12","6.12","6.12","6.12","6.12","0.00","0.00","6.12","178.00","1,089.36"
"01/07/2025","ALLGH","6.12","6.12","6.12","6.12","6.12","6.12","0.00","0.00","6.12","253.00","1,548.36"
"30/06/2025","ALLGH","6.12","6.12","6.12","6.12","6.12","6.12","0.00","0.00","6.12","2,140.00","13,096.80"
"27/06/2025","ALLGH","6.12","6.12","6.12","6.12","6.12","6.12","0.00","0.00","6.12","3,340.00","20,440.80"
"26/06/2025","ALLGH","6.12","6.12","6.12","6.12","6.12","6.12","0.00","0.00","6.12","2,981.00","18,243.72"
"25/06/2025","ALLGH","6.12","6.12","6.12","6.12","6.12","6.12","0.00","0.00","6.12","54.00","330.48"
"24/06/2025","ALLGH","6.12","6.12","6.12","6.12","6.12","6.12","0.00","0.00","6.12","2.00","12.24"
"23/06/2025","ALLGH","6.12","6.12","6.12","6.12","6.12","6.12","0.00","0.00","6.12","199.00","1,217.88"
"20/06/2025","ALLGH","6.12","6.12","6.12","6.12","6.12","6.12","0.00","0.00","6.12","893.00","5,465.16"
"19/06/2025","ALLGH","6.12","6.12","6.12","6.12","6.12","6.12","0.00","0.00","6.12","57.00","348.84"
"18/06/2025","ALLGH","6.12","6.12","6.12","6.12","6.12","6.12","0.00","0.00","6.12","0.00","0.00"
"17/06/2025","ALLGH","6.12","6.12","6.12","6.12","6.12","6.12","0.00","0.00","6.12","6.00","36.72"
"16/06/2025","ALLGH","6.12","6.12","6.12","6.12","6.12","6.12","0.00","0.00","6.12","65.00","397.80"
"13/06/2025","ALLGH","6.12","6.12","6.12","6.12","6.12","6.12","0.00","0.00","6.12","486.00","2,974.32"
"12/06/2025","ALLGH","6.12","6.12","6.12","6.12","6.12","6.12","0.00","0.00","6.12","0.00","0.00"
"11/06/2025","ALLGH","6.12","6.12","6.12","6.12","6.12","6.12","0.00","0.00","6.12","1,798.00","11,003.76"
"10/06/2025","ALLGH","6.12","6.12","6.12","6.12","6.12","6.12","0.00","0.00","0.00","296.00","1,811.52"
"09/06/2025","ALLGH","6.12","6.12","6.12","6.12","6.12","6.12","0.00","0.00","6.12","0.00","0.00"
"05/06/2025","ALLGH","6.12","6.12","6.12","6.12","6.12","6.12","0.00","0.00","6.12","311.00","1,903.32"
"04/06/2025","ALLGH","6.12","6.12","6.12","6.12","6.12","6.12","0.00","0.00","6.12","699.00","4,277.88"
"03/06/2025","ALLGH","6.12","6.12","6.12","6.12","6.12","6.12","0.00","0.00","6.12","239.00","1,462.68"
"02/06/2025","ALLGH","6.12","6.12","6.12","6.12","6.12","6.12","0.00","0.00","6.12","47.00","287.64"
"30/05/2025","ALLGH","6.12","6.12","6.12","6.12","6.12","6.12","0.00","0.00","6.12","0.00","0.00"
"29/05/2025","ALLGH","6.12","6.12","6.12","6.12","6.12","6.12","0.00","0.00","6.12","239.00","1,462.68"
"28/05/2025","ALLGH","6.12","6.12","6.12","6.12","6.12","6.12","0.00","0.00","6.12","315.00","1,927.80"
"27/05/2025","ALLGH","6.12","6.12","6.12","6.12","6.12","6.12","0.00","6.12","0.00","1,266.00","7,747.92"
"26/05/2025","ALLGH","6.12","6.12","6.12","6.12","6.12","6.12","0.00","6.12","0.00","1,266.00","7,747.92"
"23/05/2025","ALLGH","6.12","6.12","6.12","6.12","6.12","6.12","0.00","0.00","6.12","512.00","3,133.44"
"22/05/2025","ALLGH","6.12","6.12","6.12","6.12","6.12","6.12","0.00","0.00","6.12","38.00","232.56"
"21/05/2025","ALLGH","6.12","6.12","6.12","6.12","6.12","6.12","0.00","0.00","6.12","1,181.00","7,227.72"
"20/05/2025","ALLGH","6.12","6.12","6.12","6.12","6.12","6.12","0.00","0.00","6.12","1,084.00","6,634.08"
"19/05/2025","ALLGH","6.12","6.12","6.12","6.12","6.12","6.12","0.00","0.00","6.12","203.00","1,242.36"
"16/05/2025","ALLGH","6.12","6.12","6.12","6.12","6.12","6.12","0.00","0.00","6.12","326.00","1,995.12"
"15/05/2025","ALLGH","6.12","6.12","6.12","6.12","6.12","6.12","0.00","0.00","6.12","775.00","4,743.00"
"14/05/2025","ALLGH","6.12","6.12","6.12","6.12","6.12","6.12","0.00","0.00","6.12","310.00","1,897.20"
"13/05/2025","ALLGH","6.12","6.12","6.12","6.12","6.12","6.12","0.00","0.00","6.12","1,162.00","7,111.44"
"12/05/2025","ALLGH","6.12","6.12","6.12","6.12","6.12","6.12","0.00","0.00","6.12","1,159.00","7,093.08"
"09/05/2025","ALLGH","6.12","6.12","6.12","6.12","6.12","6.12","0.00","0.00","6.12","1,436.00","8,788.32"
"08/05/2025","ALLGH","6.12","6.12","6.12","6.12","6.12","6.12","0.00","0.00","6.12","482.00","2,949.84"
"07/05/2025","ALLGH","6.12","6.12","6.12","6.12","6.12","6.12","0.00","0.00","6.12","436.00","2,668.32"
"06/05/2025","ALLGH","6.12","6.12","6.12","6.12","6.12","6.12","0.00","0.00","6.12","570.00","3,488.40"
"05/05/2025","ALLGH","6.12","6.12","6.12","6.12","6.12","6.12","0.00","0.00","6.12","500.00","3,060.00"
"02/05/2025","ALLGH","6.12","6.12","6.12","6.12","6.12","6.12","0.00","0.00","6.12","3,361.00","20,569.32"
"30/04/2025","ALLGH","6.12","6.12","6.12","6.12","6.12","6.12","0.00","0.00","6.12","328.00","2,007.36"
"29/04/2025","ALLGH","6.12","6.12","6.12","6.12","6.12","6.12","0.00","0.00","6.12","0.00","0.00"
"28/04/2025","ALLGH","6.12","6.12","6.12","6.12","6.12","6.12","0.00","0.00","6.12","0.00","0.00"
"25/04/2025","ALLGH","6.12","6.12","6.12","6.12","6.12","6.12","0.00","0.00","6.12","145.00","887.40"
"24/04/2025","ALLGH","6.12","6.12","6.12","6.12","6.12","6.12","0.00","0.00","6.12","390.00","2,386.80"
"23/04/2025","ALLGH","6.12","6.12","6.12","6.12","6.12","6.12","0.00","0.00","6.12","764.00","4,675.68"
"22/04/2025","ALLGH","6.12","6.12","6.12","6.12","6.12","6.12","0.00","0.00","6.12","90.00","550.80"
"17/04/2025","ALLGH","6.12","6.12","6.12","6.12","6.12","6.12","0.00","0.00","6.12","499.00","3,053.88"
"16/04/2025","ALLGH","6.12","6.12","6.12","6.12","6.12","6.12","0.00","0.00","6.12","88.00","538.56"
"15/04/2025","ALLGH","6.12","6.12","6.12","6.12","6.12","6.12","0.00","0.00","6.12","160.00","979.20"
"14/04/2025","ALLGH","6.12","6.12","6.12","6.12","6.12","6.12","0.00","0.00","6.12","139.00","850.68"
"11/04/2025","ALLGH","6.12","6.12","6.12","6.12","6.12","6.12","0.00","0.00","6.12","374.00","2,288.88"
"10/04/2025","ALLGH","6.12","6.12","6.12","6.12","6.12","6.12","0.00","0.00","6.12","266.00","1,627.92"
"09/04/2025","ALLGH","6.12","6.12","6.12","6.12","6.12","6.12","0.00","0.00","6.12","272.00","1,664.64"
"08/04/2025","ALLGH","6.12","6.12","6.12","6.12","6.12","6.12","0.00","0.00","6.12","1,233.00","7,545.96"
"07/04/2025","ALLGH","6.12","6.12","6.12","6.12","6.12","6.12","0.00","0.00","6.12","1,953.00","11,952.36"
"04/04/2025","ALLGH","6.12","6.12","6.12","6.12","6.12","6.12","0.00","0.00","6.12","699.00","4,277.88"
"03/04/2025","ALLGH","6.12","6.12","6.12","6.12","6.12","6.12","0.00","0.00","6.12","466.00","2,851.92"
"02/04/2025","ALLGH","6.12","6.12","6.12","6.12","6.12","6.12","0.00","0.00","6.12","527.00","3,225.24"
"28/03/2025","ALLGH","6.12","6.12","6.12","6.12","6.12","6.12","0.00","0.00","6.12","1,746.00","10,685.52"
"27/03/2025","ALLGH","6.12","6.12","6.12","6.12","6.12","6.12","0.00","0.00","6.12","150.00","918.00"
"26/03/2025","ALLGH","6.12","6.12","6.12","6.12","6.12","6.12","0.00","0.00","6.12","1,679.00","10,275.48"
"25/03/2025","ALLGH","6.12","6.12","6.12","6.12","6.12","6.12","0.00","0.00","6.12","1,123.00","6,861.53"
"24/03/2025","ALLGH","6.12","6.12","6.12","6.12","6.12","6.12","0.00","0.00","6.11","1,084.00","6,629.45"
"21/03/2025","ALLGH","6.12","6.12","6.12","6.12","6.12","6.12","0.00","0.00","6.12","988.00","6,046.56"
"20/03/2025","ALLGH","6.12","6.12","6.12","6.12","6.12","6.12","0.00","0.00","6.12","150.00","918.00"
"19/03/2025","ALLGH","6.12","6.12","6.12","6.12","6.12","6.12","0.00","0.00","6.12","245.00","1,499.40"
"18/03/2025","ALLGH","6.12","6.12","6.12","6.12","6.12","6.12","0.00","0.00","6.12","1,286.00","7,870.32"
"17/03/2025","ALLGH","6.12","6.12","6.12","6.12","6.12","6.12","0.00","0.00","6.12","311.00","1,903.32"
"14/03/2025","ALLGH","6.12","6.12","6.12","6.12","6.12","6.12","0.00","0.00","6.12","685.00","4,192.20"
"13/03/2025","ALLGH","6.12","6.12","6.12","6.12","6.12","6.12","0.00","0.00","6.12","395.00","2,417.40"
"12/03/2025","ALLGH","6.12","6.12","6.12","6.12","6.12","6.12","0.00","0.00","6.12","536.00","3,280.32"
"11/03/2025","ALLGH","6.12","6.12","6.12","6.12","6.12","6.12","0.00","0.00","6.12","45.00","275.40"
"10/03/2025","ALLGH","6.12","6.12","6.12","6.12","6.12","6.12","0.00","0.00","6.12","263.00","1,609.56"
"07/03/2025","ALLGH","6.12","6.12","6.12","6.12","6.12","6.12","0.00","0.00","0.00","277.00","1,695.24"
"05/03/2025","ALLGH","6.12","6.12","6.12","6.12","6.12","6.12","0.00","0.00","0.00","13.00","79.56"
"04/03/2025","ALLGH","6.12","6.12","6.12","6.12","6.12","6.12","0.00","0.00","6.12","175.00","1,071.00"
"03/03/2025","ALLGH","6.12","6.12","6.12","6.12","6.12","6.12","0.00","0.00","6.12","1,478.00","9,045.36"
"28/02/2025","ALLGH","6.12","6.12","6.12","6.12","6.12","6.12","0.00","0.00","0.00","48.00","293.76"
"27/02/2025","ALLGH","6.12","6.12","6.12","6.12","6.12","6.12","0.00","0.00","0.00","451.00","2,760.12"
"26/02/2025","ALLGH","6.12","6.12","6.12","6.12","6.12","6.12","0.00","0.00","0.00","213.00","1,303.56"
"25/02/2025","ALLGH","6.12","6.12","6.12","6.12","6.12","6.12","0.00","0.00","0.00","214.00","1,309.68"
"24/02/2025","ALLGH","6.12","6.12","6.12","6.12","6.12","6.12","0.00","0.00","0.00","396.00","2,423.52"
"21/02/2025","ALLGH","6.12","6.12","6.12","6.12","6.12","6.12","0.00","0.00","6.12","63.00","385.56"
"20/02/2025","ALLGH","6.12","6.12","6.12","6.12","6.12","6.12","0.00","0.00","6.12","129.00","789.48"
"19/02/2025","ALLGH","6.12","6.12","6.12","6.12","6.12","6.12","0.00","0.00","6.12","185.00","1,132.20"
"18/02/2025","ALLGH","6.12","6.12","6.12","6.12","6.12","6.12","0.00","0.00","6.12","192.00","1,175.04"
"17/02/2025","ALLGH","6.12","6.12","6.12","6.12","6.12","6.12","0.00","0.00","6.12","524.00","3,206.88"
"14/02/2025","ALLGH","6.12","6.12","6.12","6.12","6.12","6.12","0.00","0.00","6.12","843.00","5,159.16"
"13/02/2025","ALLGH","6.12","6.12","6.12","6.12","6.12","6.12","0.00","0.00","6.12","80.00","489.60"
"12/02/2025","ALLGH","6.12","6.12","6.12","6.12","6.12","6.12","0.00","0.00","6.12","798.00","4,883.76"
"11/02/2025","ALLGH","6.12","6.12","6.12","6.12","6.12","6.12","0.00","0.00","6.12","674.00","4,124.88"
"10/02/2025","ALLGH","6.12","6.12","6.12","6.12","6.12","6.12","0.00","0.00","6.12","121.00","740.52"
"07/02/2025","ALLGH","6.12","6.12","6.12","6.12","6.12","6.12","0.00","0.00","6.12","9.00","55.08"
"06/02/2025","ALLGH","6.12","6.12","6.12","6.12","6.12","6.12","0.00","0.00","6.12","774.00","4,736.88"
"05/02/2025","ALLGH","6.12","6.12","6.12","6.12","6.12","6.12","0.00","0.00","6.12","65.00","397.80"
"04/02/2025","ALLGH","6.12","6.12","6.12","6.12","6.12","6.12","0.00","0.00","6.12","152.00","930.24"
"03/02/2025","ALLGH","6.12","6.12","6.12","6.12","6.12","6.12","0.00","0.00","6.12","239.00","1,462.68"
"31/01/2025","ALLGH","6.12","6.12","6.12","6.12","6.12","6.12","0.00","0.00","6.12","377.00","2,307.24"
"30/01/2025","ALLGH","6.12","6.12","6.12","6.12","6.12","6.12","0.00","0.00","6.12","456.00","2,790.72"
"29/01/2025","ALLGH","6.12","6.12","6.12","6.12","6.12","6.12","0.00","0.00","6.12","962.00","5,887.44"
"28/01/2025","ALLGH","6.12","6.12","6.12","6.12","6.12","6.12","0.00","0.00","6.12","186.00","1,138.32"
"27/01/2025","ALLGH","6.12","6.12","6.12","6.12","6.12","6.12","0.00","0.00","6.12","230.00","1,407.60"
"24/01/2025","ALLGH","6.12","6.12","6.12","6.12","6.12","6.12","0.00","0.00","6.12","80.00","489.60"
"23/01/2025","ALLGH","6.12","6.12","6.12","6.12","6.12","6.12","0.00","0.00","6.12","25.00","153.00"
"22/01/2025","ALLGH","6.12","6.12","6.12","6.12","6.12","6.12","0.00","0.00","6.12","48.00","293.76"
"21/01/2025","ALLGH","6.12","6.12","6.12","6.12","6.12","6.12","0.00","0.00","6.12","953.00","5,832.36"
"20/01/2025","ALLGH","6.12","6.12","6.12","6.12","6.12","6.12","0.00","0.00","6.12","187.00","1,144.44"
"17/01/2025","ALLGH","6.12","6.12","6.12","6.12","6.12","6.12","0.00","0.00","6.12","2.00","12.24"
"16/01/2025","ALLGH","6.12","6.12","6.12","6.12","6.12","6.12","0.00","0.00","6.12","86.00","526.32"
"15/01/2025","ALLGH","6.12","6.12","6.12","6.12","6.12","6.12","0.00","0.00","6.12","209.00","1,279.08"
"14/01/2025","ALLGH","6.12","6.12","6.12","6.12","6.12","6.12","0.00","0.00","6.12","373.00","2,282.76"
"13/01/2025","ALLGH","6.12","6.12","6.12","6.12","6.12","6.12","0.00","0.00","6.12","118.00","722.16"
"10/01/2025","ALLGH","6.12","6.12","6.12","6.12","6.12","6.12","0.00","0.00","6.12","42.00","257.04"
"09/01/2025","ALLGH","6.12","6.12","6.12","6.12","6.12","6.12","0.00","0.00","6.12","51.00","312.12"
"08/01/2025","ALLGH","6.12","6.12","6.12","6.12","6.12","6.12","0.00","0.00","6.12","223.00","1,364.76"
"06/01/2025","ALLGH","6.12","6.12","6.12","6.12","6.12","6.12","0.00","0.00","6.12","125.00","765.00"
"03/01/2025","ALLGH","6.12","6.12","6.12","6.12","6.12","6.12","0.00","0.00","0.00","61.00","373.32"
"02/01/2025","ALLGH","6.12","6.12","6.12","6.12","6.12","6.12","0.00","0.00","0.00","751.00","4,596.12"
"31/12/2024","ALLGH","6.15","4.40","6.12","6.12","6.12","6.12","0.00","0.00","0.00","70.00","428.40"
"30/12/2024","ALLGH","6.15","4.40","6.13","6.13","6.12","6.12","-0.01","0.00","0.00","1,804.00","11,040.48"
"27/12/2024","ALLGH","6.15","4.40","6.13","6.13","6.13","6.13","0.00","0.00","0.00","137.00","838.44"
"24/12/2024","ALLGH","6.15","4.40","6.13","6.13","6.13","6.13","0.00","0.00","0.00","73.00","446.76"
"23/12/2024","ALLGH","6.15","4.40","6.13","6.13","6.13","6.13","0.00","0.00","0.00","81.00","495.72"
"20/12/2024","ALLGH","6.15","4.40","6.13","6.13","6.13","6.13","0.00","0.00","6.12","240.00","1,468.80"
"19/12/2024","ALLGH","6.15","4.40","6.13","6.13","6.13","6.13","0.00","0.00","6.12","342.00","2,093.04"
"18/12/2024","ALLGH","6.15","4.40","6.13","6.13","6.13","6.13","0.00","0.00","6.12","381.00","2,331.72"
"17/12/2024","ALLGH","6.15","4.40","6.13","6.13","6.13","6.13","0.00","0.00","6.12","134.00",""
"16/12/2024","ALLGH","6.15","4.40","6.13","6.13","6.13","6.13","0.00","0.00","6.12","200.00","1,224.00"
"13/12/2024","ALLGH","6.15","4.40","6.13","6.13","6.13","6.13","0.00","0.00","6.12","768.00","4,700.16"
"12/12/2024","ALLGH","6.15","4.40","6.13","6.13","6.13","6.13","0.00","0.00","6.12","10.00","61.20"
"11/12/2024","ALLGH","6.15","4.40","6.13","6.13","6.13","6.13","0.00","0.00","6.12","20.00","122.40"
"10/12/2024","ALLGH","6.15","4.40","6.13","6.13","6.13","6.13","0.00","0.00","6.13","34.00","208.08"
"09/12/2024","ALLGH","6.15","4.40","6.13","6.13","6.13","6.13","0.00","0.00","6.13","378.00","2,313.36"
"05/12/2024","ALLGH","6.15","4.40","6.13","6.13","6.13","6.13","0.00","0.00","6.13","154.00","944.02"
"04/12/2024","ALLGH","6.15","4.40","6.13","6.13","6.13","6.13","0.00","0.00","6.13","111.00","679.50"
"03/12/2024","ALLGH","6.15","4.40","6.13","6.13","6.13","6.13","0.00","0.00","6.13","680.00","4,168.40"
"02/12/2024","ALLGH","6.15","4.40","6.14","6.14","6.13","6.13","-0.01","0.00","6.13","1,324.00","8,116.12"
"29/11/2024","ALLGH","6.15","4.40","6.14","6.14","6.14","6.14","0.00","0.00","6.13","112.00","686.56"
"28/11/2024","ALLGH","6.15","4.40","6.14","6.14","6.14","6.14","0.00","0.00","6.13","271.00","1,661.23"
"27/11/2024","ALLGH","6.15","4.40","6.14","6.14","6.14","6.14","0.00","0.00","6.13","184.00","1,127.92"
"26/11/2024","ALLGH","6.15","4.40","6.14","6.14","6.14","6.14","0.00","0.00","6.13","435.00","2,666.55"
"25/11/2024","ALLGH","6.15","4.40","6.14","6.14","6.14","6.14","0.00","0.00","6.13","68.00","416.84"
"22/11/2024","ALLGH","6.15","4.40","6.14","6.14","6.14","6.14","0.00","0.00","6.13","2.00","12.26"
"21/11/2024","ALLGH","6.15","4.40","6.14","6.14","6.14","6.14","0.00","0.00","6.13","459.00","2,813.67"
"20/11/2024","ALLGH","6.15","4.40","6.14","6.14","6.14","6.14","0.00","0.00","6.13","939.00","5,756.07"
"19/11/2024","ALLGH","6.15","4.40","6.14","6.14","6.14","6.14","0.00","0.00","6.13","77.00","472.01"
"18/11/2024","ALLGH","6.15","4.40","6.14","6.14","6.14","6.14","0.00","0.00","6.13","191.00","1,170.83"
"14/11/2024","ALLGH","6.15","4.40","6.14","6.14","6.14","6.14","0.00","0.00","6.13","337.00","2,065.81"
"13/11/2024","ALLGH","6.15","4.40","6.14","6.14","6.14","6.14","0.00","0.00","6.13","797.00","4,885.61"
"12/11/2024","ALLGH","6.15","4.40","6.14","6.14","6.14","6.14","0.00","0.00","6.13","85.00","521.05"
"11/11/2024","ALLGH","6.15","4.40","6.14","6.14","6.14","6.14","0.00","0.00","6.14","659.00","4,046.26"
"08/11/2024","ALLGH","6.15","4.40","6.14","6.14","6.14","6.14","0.00","0.00","6.14","114.00","699.96"
"07/11/2024","ALLGH","6.15","4.40","6.14","6.14","6.14","6.14","0.00","0.00","6.14","115.00","706.10"
"06/11/2024","ALLGH","6.15","4.40","6.14","6.14","6.14","6.14","0.00","0.00","6.14","31.00","190.34"
"05/11/2024","ALLGH","6.15","4.40","6.14","6.14","6.14","6.14","0.00","0.00","6.14","101.00","620.14"
"04/11/2024","ALLGH","6.15","4.40","6.14","6.14","6.14","6.14","0.00","0.00","6.14","435.00","2,670.90"
"01/11/2024","ALLGH","6.15","4.40","6.14","6.14","6.14","6.14","0.00","0.00","6.14","1,333.00","8,184.62"
"31/10/2024","ALLGH","6.15","4.40","6.14","6.14","6.14","6.14","0.00","0.00","6.14","32.00","196.48"
"30/10/2024","ALLGH","6.15","4.40","6.14","6.14","6.14","6.14","0.00","0.00","6.14","336.00","2,063.04"
"29/10/2024","ALLGH","6.15","4.40","6.14","6.14","6.14","6.14","0.00","0.00","6.14","1,587.00","9,744.18"
"28/10/2024","ALLGH","6.15","4.40","6.14","6.14","6.14","6.14","0.00","0.00","6.14","89.00","546.46"
"25/10/2024","ALLGH","6.15","4.40","6.14","6.14","6.14","6.14","0.00","0.00","6.14","349.00","2,142.86"
"24/10/2024","ALLGH","6.15","4.40","6.14","6.14","6.14","6.14","0.00","0.00","6.14","55.00","337.70"
"23/10/2024","ALLGH","6.15","4.40","6.15","6.15","6.14","6.14","-0.01","0.00","6.14","1,799.00","11,045.86"
"22/10/2024","ALLGH","6.15","4.40","6.15","6.15","6.15","6.15","0.00","0.00","6.14","521.00","3,198.94"
"21/10/2024","ALLGH","6.15","4.40","6.15","6.15","6.15","6.15","0.00","0.00","6.15","32.00","196.80"
"18/10/2024","ALLGH","6.15","4.40","6.15","6.15","6.15","6.15","0.00","0.00","6.14","350.00","2,149.00"
"17/10/2024","ALLGH","6.15","4.40","6.15","6.15","6.15","6.15","0.00","0.00","6.14","900.00","5,526.00"
"16/10/2024","ALLGH","6.15","4.40","6.15","6.15","6.15","6.15","0.00","0.00","6.13","88.00","540.32"
"15/10/2024","ALLGH","6.15","4.40","6.15","6.15","6.15","6.15","0.00","0.00","6.13","250.00","1,535.00"
"14/10/2024","ALLGH","6.15","4.40","6.15","6.15","6.15","6.15","0.00","0.00","6.14","1,067.00","6,551.38"
"11/10/2024","ALLGH","6.15","4.40","6.15","6.15","6.15","6.15","0.00","0.00","6.15","323.00","1,983.22"
"10/10/2024","ALLGH","6.15","4.40","6.15","6.15","6.15","6.15","0.00","0.00","6.15","557.00","3,420.08"
"09/10/2024","ALLGH","6.15","4.40","6.15","6.15","6.15","6.15","0.00","0.00","6.15","1,121.00","6,894.15"
"08/10/2024","ALLGH","6.15","4.40","6.15","6.15","6.15","6.15","0.00","0.00","6.15","637.00","3,917.55"
"07/10/2024","ALLGH","6.15","4.40","6.15","6.15","6.15","6.15","0.00","0.00","6.15","2,971.00","18,271.65"
"04/10/2024","ALLGH","6.15","4.40","6.15","6.15","6.15","6.15","0.00","0.00","6.15","0.00","0.00"
"03/10/2024","ALLGH","6.15","4.40","6.15","6.15","6.15","6.15","0.00","0.00","6.15","4,454.00","27,392.10"
"02/10/2024","ALLGH","6.15","4.40","6.15","6.15","6.15","6.15","0.00","0.00","6.15","2,522.00","15,510.30"
"01/10/2024","ALLGH","6.15","4.40","6.15","6.15","6.15","6.15","0.00","0.00","6.15","755.00","4,643.25"
"30/09/2024","ALLGH","6.15","4.40","6.15","6.15","6.15","6.15","0.00","0.00","0.00","676.00","4,157.40"
"27/09/2024","ALLGH","6.15","4.40","6.15","6.15","6.15","6.15","0.00","6.15","0.00","312.00","1,918.80"
"26/09/2024","ALLGH","6.15","4.40","6.15","6.15","6.15","6.15","0.00","6.15","0.00","4,198.00","25,817.70"
"25/09/2024","ALLGH","6.15","4.40","6.15","6.15","6.15","6.15","0.00","6.15","0.00","0.00","0.00"
"24/09/2024","ALLGH","6.15","4.40","6.15","6.15","6.15","6.15","0.00","6.15","0.00","1.00","6.15"
"24/09/2024","ALLGH","6.12","6.12","6.12","6.12","6.12","6.12","0.00","0.00","6.12","20.00","122.40"
"20/09/2024","ALLGH","6.15","4.40","6.15","6.15","6.15","6.15","0.00","6.15","0.00","0.00","0.00"
"19/09/2024","ALLGH","6.15","4.40","6.15","6.15","6.15","6.15","0.00","6.15","0.00","0.00","0.00"
"18/09/2024","ALLGH","6.15","4.40","6.15","6.15","6.15","6.15","0.00","6.15","0.00","0.00","0.00"
"17/09/2024","ALLGH","6.15","4.40","6.15","6.15","6.15","6.15","0.00","6.15","0.00","0.00","0.00"
"16/09/2024","ALLGH","6.15","4.40","6.15","6.15","6.15","6.15","0.00","6.15","0.00","0.00","0.00"
"13/09/2024","ALLGH","6.15","4.40","6.15","6.15","6.15","6.15","0.00","6.15","0.00","0.00","0.00"
"12/09/2024","ALLGH","6.15","4.40","6.15","6.15","6.15","6.15","0.00","6.15","0.00","0.00","0.00"
"11/09/2024","ALLGH","6.15","4.40","6.15","6.15","6.15","6.15","0.00","6.15","0.00","0.00","0.00"
"10/09/2024","ALLGH","6.15","4.40","6.15","6.15","6.15","6.15","0.00","0.00","6.15","525.00","3,228.75"
"09/09/2024","ALLGH","6.15","4.40","6.15","6.15","6.15","6.15","0.00","0.00","6.15","0.00","0.00"
"06/09/2024","ALLGH","6.15","4.40","6.15","6.15","6.15","6.15","0.00","0.00","6.15","1,285.00","7,902.75"
"05/09/2024","ALLGH","6.15","4.40","6.15","6.15","6.15","6.15","0.00","0.00","6.15","487.00","2,995.05"
"04/09/2024","ALLGH","6.15","4.40","6.15","6.15","6.15","6.15","0.00","0.00","6.15","904.00","5,559.60"
"03/09/2024","ALLGH","6.15","4.40","6.15","6.15","6.15","6.15","0.00","0.00","6.15","3,340.00","20,541.00"
"02/09/2024","ALLGH","6.15","4.40","6.15","6.15","6.15","6.15","0.00","0.00","6.15","5,658.00","34,796.70"
"30/08/2024","ALLGH","6.15","4.40","6.15","6.15","6.15","6.15","0.00","0.00","6.15","5,246.00","32,262.90"
"29/08/2024","ALLGH","6.15","4.40","6.15","6.15","6.15","6.15","0.00","0.00","6.15","4,662.00","28,671.30"
"28/08/2024","ALLGH","6.15","4.40","6.15","6.15","6.15","6.15","0.00","6.15","0.00","932.00","5,731.80"
"27/08/2024","ALLGH","6.15","4.40","6.00","6.00","6.15","6.15","0.15","6.00","0.00","29,860.00","183,637.50"
"26/08/2024","ALLGH","6.00","4.40","6.00","6.00","6.00","6.00","0.00","6.00","0.00","0.00","0.00"
"23/08/2024","ALLGH","6.00","4.40","6.00","6.00","6.00","6.00","0.00","6.00","0.00","0.00","0.00"
"22/08/2024","ALLGH","6.00","4.40","6.00","6.00","6.00","6.00","0.00","6.00","0.00","0.00","0.00"
"21/08/2024","ALLGH","6.00","4.40","6.00","6.00","6.00","6.00","0.00","6.00","0.00","0.00","0.00"
"20/08/2024","ALLGH","6.00","4.40","6.00","6.00","6.00","6.00","0.00","0.00","0.00","23,694.00","142,164.00"
"19/08/2024","ALLGH","6.00","4.40","6.00","6.00","6.00","6.00","0.00","0.00","0.00","1,606.00","9,636.00"
"16/08/2024","ALLGH","6.00","4.40","6.00","6.00","6.00","6.00","0.00","6.00","0.00","0.00","0.00"
"15/08/2024","ALLGH","6.00","4.40","6.00","6.00","6.00","6.00","0.00","6.00","0.00","0.00","0.00"
"14/08/2024","ALLGH","6.00","4.40","6.00","6.00","6.00","6.00","0.00","6.00","0.00","0.00","0.00"
"13/08/2024","ALLGH","6.00","4.40","6.00","6.00","6.00","6.00","0.00","6.00","0.00","0.00","0.00"
"12/08/2024","ALLGH","6.00","4.40","6.00","6.00","6.00","6.00","0.00","6.00","0.00","0.00","0.00"
"09/08/2024","ALLGH","6.00","4.40","6.00","6.00","6.00","6.00","0.00","6.00","0.00","0.00","0.00"
"08/08/2024","ALLGH","6.00","4.40","6.00","6.00","6.00","6.00","0.00","6.00","0.00","0.00","0.00"
"07/08/2024","ALLGH","6.00","4.40","6.00","6.00","6.00","6.00","0.00","6.00","0.00","0.00","0.00"
"06/08/2024","ALLGH","6.00","4.40","6.00","6.00","6.00","6.00","0.00","6.00","0.00","0.00","0.00"
"02/08/2024","ALLGH","6.00","4.40","6.00","6.00","6.00","6.00","0.00","6.00","0.00","0.00","0.00"
"01/08/2024","ALLGH","6.00","4.40","6.00","6.00","6.00","6.00","0.00","6.00","0.00","0.00","0.00"
"31/07/2024","ALLGH","6.00","4.40","6.00","6.00","6.00","6.00","0.00","6.00","0.00","0.00","0.00"
"30/07/2024","ALLGH","6.00","4.40","6.00","6.00","6.00","6.00","0.00","6.00","0.00","0.00","0.00"
"29/07/2024","ALLGH","6.00","4.40","6.00","6.00","6.00","6.00","0.00","6.00","0.00","46.00","276.00"
"26/07/2024","ALLGH","6.00","4.40","6.00","6.00","6.00","6.00","0.00","6.00","0.00","0.00","0.00"
"25/07/2024","ALLGH","6.00","4.40","6.00","6.00","6.00","6.00","0.00","6.00","0.00","0.00","0.00"
"24/07/2024","ALLGH","6.00","4.40","6.00","6.00","6.00","6.00","0.00","6.00","0.00","0.00","0.00"
"23/07/2024","ALLGH","6.00","4.40","6.00","6.00","6.00","6.00","0.00","6.00","0.00","0.00","0.00"
"22/07/2024","ALLGH","6.00","4.40","6.00","6.00","6.00","6.00","0.00","6.00","0.00","0.00","0.00"
"19/07/2024","ALLGH","6.00","4.40","6.00","6.00","6.00","6.00","0.00","6.00","0.00","0.00","0.00"
"18/07/2024","ALLGH","6.00","4.40","6.00","6.00","6.00","6.00","0.00","6.00","0.00","0.00","0.00"
"17/07/2024","ALLGH","6.00","4.40","6.00","6.00","6.00","6.00","0.00","6.00","0.00","0.00","0.00"
"16/07/2024","ALLGH","6.00","4.40","6.00","6.00","6.00","6.00","0.00","6.00","0.00","0.00","0.00"
"15/07/2024","ALLGH","6.00","4.40","6.00","6.00","6.00","6.00","0.00","6.00","0.00","0.00","0.00"
"12/07/2024","ALLGH","6.00","4.40","6.00","6.00","6.00","6.00","0.00","0.00","6.00","0.00","0.00"
"11/07/2024","ALLGH","6.00","4.40","6.00","6.00","6.00","6.00","0.00","0.00","6.00","0.00","0.00"
"10/07/2024","ALLGH","6.00","4.40","6.00","6.00","6.00","6.00","0.00","0.00","6.00","7,991.00","47,946.00"
"09/07/2024","ALLGH","6.00","4.40","5.80","5.80","6.00","6.00","0.20","4.80","0.00","13,880.00","83,280.00"
"08/07/2024","ALLGH","5.80","4.40","5.51","5.51","5.80","5.80","0.29","4.80","0.00","5,000.00","29,000.00"
"05/07/2024","ALLGH","5.51","4.40","5.39","5.39","5.51","5.51","0.12","4.80","0.00","3,200.00","17,642.00"
"04/07/2024","ALLGH","5.39","4.40","5.01","5.01","5.39","5.39","0.38","5.50","0.00","13,503.00","72,915.60"
"03/07/2024","ALLGH","5.01","4.40","5.01","5.01","5.01","5.01","0.00","5.01","0.00","0.00","0.00"
"02/07/2024","ALLGH","5.01","4.40","4.80","4.80","5.01","5.01","0.21","4.80","0.00","4,700.00","23,537.00"
"01/07/2024","ALLGH","4.80","4.40","4.80","4.80","4.80","4.80","0.00","4.80","0.00","407.00","1,953.60"
"28/06/2024","ALLGH","4.80","4.40","4.80","4.80","4.80","4.80","0.00","4.80","0.00","25,659.00","123,163.20"
"27/06/2024","ALLGH","4.80","4.40","4.80","4.80","4.80","4.80","0.00","4.62","5.08","0.00","0.00"
"26/06/2024","ALLGH","4.80","4.40","4.62","4.62","4.80","4.80","0.18","4.80","5.08","10,000.00","48,000.00"
"25/06/2024","ALLGH","4.62","4.40","4.62","4.62","4.62","4.62","0.00","4.62","5.08","0.00","0.00"
"24/06/2024","ALLGH","4.62","4.40","4.62","4.62","4.62","4.62","0.00","4.40","0.00","0.00","0.00"
"21/06/2024","ALLGH","4.62","4.40","4.62","4.62","4.62","4.62","0.00","4.62","0.00","0.00","0.00"
"20/06/2024","ALLGH","4.62","4.40","4.61","4.61","4.62","4.62","0.01","4.40","0.00","3,416.00","15,781.92"
"19/06/2024","ALLGH","4.61","4.40","4.61","4.61","4.61","4.61","0.00","4.61","0.00","0.00","0.00"
"18/06/2024","ALLGH","4.61","4.40","4.61","4.61","4.61","4.61","0.00","4.61","0.00","0.00","0.00"
"14/06/2024","ALLGH","4.61","4.40","4.61","4.61","4.61","4.61","0.00","4.61","0.00","0.00","0.00"
"13/06/2024","ALLGH","4.61","4.40","4.61","4.61","4.61","4.61","0.00","4.61","0.00","2,116.00","9,754.76"
"12/06/2024","ALLGH","4.61","4.40","4.40","4.40","4.61","4.61","0.21","4.60","0.00","15,534.00","71,562.21"
"11/06/2024","ALLGH","4.40","4.40","4.40","4.40","4.40","4.40","0.00","4.40","0.00","0.00","0.00"
"10/06/2024","ALLGH","4.40","4.40","4.40","4.40","4.40","4.40","0.00","4.40","0.00","0.00","0.00"
"07/06/2024","ALLGH","4.40","4.40","4.40","4.40","4.40","4.40","0.00","4.40","0.00","0.00","0.00"
"06/06/2024","ALLGH","4.40","4.40","4.40","4.40","4.40","4.40","0.00","4.40","0.00","0.00","0.00"
"05/06/2024","ALLGH","4.40","4.40","4.40","4.40","4.40","4.40","0.00","4.40","0.00","0.00","0.00"
"04/06/2024","ALLGH","4.40","4.40","4.40","4.40","4.40","4.40","0.00","4.40","0.00","0.00","0.00"
"03/06/2024","ALLGH","4.40","4.40","4.40","4.40","4.40","4.40","0.00","4.40","0.00","0.00","0.00"
"31/05/2024","ALLGH","4.40","4.40","4.40","4.40","4.40","4.40","0.00","4.40","0.00","0.00","0.00"
"30/05/2024","ALLGH","4.40","4.40","4.40","4.40","4.40","4.40","0.00","4.40","0.00","0.00","0.00"
"29/05/2024","ALLGH","4.40","4.40","4.40","4.40","4.40","4.40","0.00","4.40","0.00","0.00","0.00"
"28/05/2024","ALLGH","4.40","4.40","4.40","4.40","4.40","4.40","0.00","4.40","0.00","0.00","0.00"
"27/05/2024","ALLGH","4.40","4.40","4.40","4.40","4.40","4.40","0.00","4.40","0.00","0.00","0.00"
"24/05/2024","ALLGH","4.40","4.40","4.40","4.40","4.40","4.40","0.00","4.40","0.00","0.00","0.00"
"23/05/2024","ALLGH","4.40","4.40","4.40","4.40","4.40","4.40","0.00","4.40","0.00","0.00","0.00"
"22/05/2024","ALLGH","4.40","4.40","4.40","4.40","4.40","4.40","0.00","4.40","0.00","0.00","0.00"
"21/05/2024","ALLGH","4.40","4.40","4.40","4.40","4.40","4.40","0.00","4.40","0.00","0.00","0.00"
"20/05/2024","ALLGH","4.40","4.40","4.40","4.40","4.40","4.40","0.00","4.40","0.00","0.00","0.00"
"17/05/2024","ALLGH","4.40","4.40","4.40","4.40","4.40","4.40","0.00","4.40","0.00","0.00","0.00"
"16/05/2024","ALLGH","4.40","4.40","4.40","4.40","4.40","4.40","0.00","4.40","0.00","0.00","0.00"
"15/05/2024","ALLGH","4.40","4.40","4.40","4.40","4.40","4.40","0.00","4.40","0.00","0.00","0.00"
"14/05/2024","ALLGH","4.40","4.40","4.40","4.40","4.40","4.40","0.00","4.40","0.00","0.00","0.00"
"13/05/2024","ALLGH","4.40","4.40","4.40","4.40","4.40","4.40","0.00","0.00","0.00","2,000.00","8,800.00"
"12/02/2024","ALLGH","6.12","6.12","6.12","6.12","6.12","6.12","0.00","0.00","6.12","798.00","4,883.76"